-- -----------------------------------------------------
-- Data for table `vote`.`m_election`
-- -----------------------------------------------------
START TRANSACTION;
USE `vote`;
INSERT INTO `vote`.`m_election` (`election_id`, `title`, `description`, `voting_date`, `regist_user_id`, `regist_date`, `update_user_id`, `update_date`) VALUES (1, '衆議院総選挙', '衆議院総選挙です', '2012/12/16', 0, '2012/12/02', 0, '2012/12/02');
INSERT INTO `vote`.`m_election` (`election_id`, `title`, `description`, `voting_date`, `regist_user_id`, `regist_date`, `update_user_id`, `update_date`) VALUES (2, '東京都知事選', '東京都知事選です', '2012/12/16', 0, '2012/12/02', 0, '2012/12/02');

COMMIT;

-- -----------------------------------------------------
-- Data for table `vote`.`m_candidate`
-- -----------------------------------------------------
START TRANSACTION;
USE `vote`;
INSERT INTO `vote`.`m_candidate` (`candidate_id`, `name`, `description`, `thumbUrl`, `party_id`, `new_flg`, `elected_count`, `birthday`, `career`, `regist_user_id`, `regist_date`, `update_user_id`, `update_date`) VALUES (1, 'テスト太郎', 'テスト太郎っす', 'http://upload.wikimedia.org/wikipedia/commons/thumb/d/dd/Taro_Aso_in_World_Economic_Forum_Annual_Meeting_in_Davos_%28cropped%29.jpg/200px-Taro_Aso_in_World_Economic_Forum_Annual_Meeting_in_Davos_%28cropped%29.jpg', NULL, NULL, NULL, '1999/01/01', NULL, 0, '2012/12/4', 0, '2012/12/4');
INSERT INTO `vote`.`m_candidate` (`candidate_id`, `name`, `description`, `thumbUrl`, `party_id`, `new_flg`, `elected_count`, `birthday`, `career`, `regist_user_id`, `regist_date`, `update_user_id`, `update_date`) VALUES (2, 'テスト二郎', '二郎', NULL, NULL, NULL, NULL, '1982/01/01', NULL, 0, '2012/12/4', 0, '2012/12/4');

COMMIT;

-- -----------------------------------------------------
-- Data for table `vote`.`m_constituency_block`
-- -----------------------------------------------------
START TRANSACTION;
USE `vote`;
INSERT INTO `vote`.`m_constituency_block` (`block_id`, `name`, `regist_date`, `update_date`) VALUES (1, '北海道ブロック', '2012/12/3', '2012/12/3');
INSERT INTO `vote`.`m_constituency_block` (`block_id`, `name`, `regist_date`, `update_date`) VALUES (2, '東北ブロック', '2012/12/3', '2012/12/3');
INSERT INTO `vote`.`m_constituency_block` (`block_id`, `name`, `regist_date`, `update_date`) VALUES (3, '北関東ブロック', '2012/12/3', '2012/12/3');
INSERT INTO `vote`.`m_constituency_block` (`block_id`, `name`, `regist_date`, `update_date`) VALUES (4, '南関東ブロック', '2012/12/3', '2012/12/3');
INSERT INTO `vote`.`m_constituency_block` (`block_id`, `name`, `regist_date`, `update_date`) VALUES (5, '東京ブロック', '2012/12/3', '2012/12/3');
INSERT INTO `vote`.`m_constituency_block` (`block_id`, `name`, `regist_date`, `update_date`) VALUES (6, '北陸信越ブロック', '2012/12/3', '2012/12/3');
INSERT INTO `vote`.`m_constituency_block` (`block_id`, `name`, `regist_date`, `update_date`) VALUES (7, '東海ブロック', '2012/12/3', '2012/12/3');
INSERT INTO `vote`.`m_constituency_block` (`block_id`, `name`, `regist_date`, `update_date`) VALUES (8, '近畿ブロック', '2012/12/3', '2012/12/3');
INSERT INTO `vote`.`m_constituency_block` (`block_id`, `name`, `regist_date`, `update_date`) VALUES (9, '中国ブロック', '2012/12/3', '2012/12/3');
INSERT INTO `vote`.`m_constituency_block` (`block_id`, `name`, `regist_date`, `update_date`) VALUES (10, '四国ブロック', '2012/12/3', '2012/12/3');
INSERT INTO `vote`.`m_constituency_block` (`block_id`, `name`, `regist_date`, `update_date`) VALUES (11, '九州ブロック', '2012/12/3', '2012/12/3');

COMMIT;

-- -----------------------------------------------------
-- Data for table `vote`.`m_constituency`
-- -----------------------------------------------------
START TRANSACTION;
USE `vote`;
INSERT INTO `vote`.`m_constituency` (`constituency_id`, `name`, `block_id`, `regist_date`) VALUES (1, '北海道第1区', 1, '2012/12/3');
INSERT INTO `vote`.`m_constituency` (`constituency_id`, `name`, `block_id`, `regist_date`) VALUES (2, '北海道第2区', 1, '2012/12/3');
INSERT INTO `vote`.`m_constituency` (`constituency_id`, `name`, `block_id`, `regist_date`) VALUES (3, '北海道第3区', 1, '2012/12/3');
INSERT INTO `vote`.`m_constituency` (`constituency_id`, `name`, `block_id`, `regist_date`) VALUES (4, '北海道第4区', 1, '2012/12/3');
INSERT INTO `vote`.`m_constituency` (`constituency_id`, `name`, `block_id`, `regist_date`) VALUES (5, '北海道第5区', 1, '2012/12/3');
INSERT INTO `vote`.`m_constituency` (`constituency_id`, `name`, `block_id`, `regist_date`) VALUES (6, '北海道第6区', 1, '2012/12/3');
INSERT INTO `vote`.`m_constituency` (`constituency_id`, `name`, `block_id`, `regist_date`) VALUES (7, '北海道第7区', 1, '2012/12/3');
INSERT INTO `vote`.`m_constituency` (`constituency_id`, `name`, `block_id`, `regist_date`) VALUES (8, '北海道第8区', 1, '2012/12/3');
INSERT INTO `vote`.`m_constituency` (`constituency_id`, `name`, `block_id`, `regist_date`) VALUES (9, '北海道第9区', 1, '2012/12/3');
INSERT INTO `vote`.`m_constituency` (`constituency_id`, `name`, `block_id`, `regist_date`) VALUES (10, '北海道第10区', 1, '2012/12/3');
INSERT INTO `vote`.`m_constituency` (`constituency_id`, `name`, `block_id`, `regist_date`) VALUES (11, '北海道第11区', 1, '2012/12/3');
INSERT INTO `vote`.`m_constituency` (`constituency_id`, `name`, `block_id`, `regist_date`) VALUES (12, '北海道第12区', 1, '2012/12/3');
INSERT INTO `vote`.`m_constituency` (`constituency_id`, `name`, `block_id`, `regist_date`) VALUES (13, '青森県第1区', 2, '2012/12/3');
INSERT INTO `vote`.`m_constituency` (`constituency_id`, `name`, `block_id`, `regist_date`) VALUES (14, '青森県第2区', 2, '2012/12/3');
INSERT INTO `vote`.`m_constituency` (`constituency_id`, `name`, `block_id`, `regist_date`) VALUES (15, '青森県第3区', 2, '2012/12/3');
INSERT INTO `vote`.`m_constituency` (`constituency_id`, `name`, `block_id`, `regist_date`) VALUES (16, '青森県第4区', 2, '2012/12/3');
INSERT INTO `vote`.`m_constituency` (`constituency_id`, `name`, `block_id`, `regist_date`) VALUES (17, '岩手県第1区', 2, '2012/12/3');
INSERT INTO `vote`.`m_constituency` (`constituency_id`, `name`, `block_id`, `regist_date`) VALUES (18, '岩手県第2区', 2, '2012/12/3');
INSERT INTO `vote`.`m_constituency` (`constituency_id`, `name`, `block_id`, `regist_date`) VALUES (19, '岩手県第3区', 2, '2012/12/3');
INSERT INTO `vote`.`m_constituency` (`constituency_id`, `name`, `block_id`, `regist_date`) VALUES (20, '岩手県第4区', 2, '2012/12/3');
INSERT INTO `vote`.`m_constituency` (`constituency_id`, `name`, `block_id`, `regist_date`) VALUES (21, '宮城県第1区', 2, '2012/12/3');
INSERT INTO `vote`.`m_constituency` (`constituency_id`, `name`, `block_id`, `regist_date`) VALUES (22, '宮城県第2区', 2, '2012/12/3');
INSERT INTO `vote`.`m_constituency` (`constituency_id`, `name`, `block_id`, `regist_date`) VALUES (23, '宮城県第3区', 2, '2012/12/3');
INSERT INTO `vote`.`m_constituency` (`constituency_id`, `name`, `block_id`, `regist_date`) VALUES (24, '宮城県第4区', 2, '2012/12/3');
INSERT INTO `vote`.`m_constituency` (`constituency_id`, `name`, `block_id`, `regist_date`) VALUES (25, '宮城県第5区', 2, '2012/12/3');
INSERT INTO `vote`.`m_constituency` (`constituency_id`, `name`, `block_id`, `regist_date`) VALUES (26, '宮城県第6区', 2, '2012/12/3');
INSERT INTO `vote`.`m_constituency` (`constituency_id`, `name`, `block_id`, `regist_date`) VALUES (27, '秋田県第1区', 2, '2012/12/3');
INSERT INTO `vote`.`m_constituency` (`constituency_id`, `name`, `block_id`, `regist_date`) VALUES (28, '秋田県第2区', 2, '2012/12/3');
INSERT INTO `vote`.`m_constituency` (`constituency_id`, `name`, `block_id`, `regist_date`) VALUES (29, '秋田県第3区', 2, '2012/12/3');
INSERT INTO `vote`.`m_constituency` (`constituency_id`, `name`, `block_id`, `regist_date`) VALUES (30, '山形県第1区', 2, '2012/12/3');
INSERT INTO `vote`.`m_constituency` (`constituency_id`, `name`, `block_id`, `regist_date`) VALUES (31, '山形県第2区', 2, '2012/12/3');
INSERT INTO `vote`.`m_constituency` (`constituency_id`, `name`, `block_id`, `regist_date`) VALUES (32, '山形県第3区', 2, '2012/12/3');
INSERT INTO `vote`.`m_constituency` (`constituency_id`, `name`, `block_id`, `regist_date`) VALUES (33, '福島県第1区', 2, '2012/12/3');
INSERT INTO `vote`.`m_constituency` (`constituency_id`, `name`, `block_id`, `regist_date`) VALUES (34, '福島県第2区', 2, '2012/12/3');
INSERT INTO `vote`.`m_constituency` (`constituency_id`, `name`, `block_id`, `regist_date`) VALUES (35, '福島県第3区', 2, '2012/12/3');
INSERT INTO `vote`.`m_constituency` (`constituency_id`, `name`, `block_id`, `regist_date`) VALUES (36, '福島県第4区', 2, '2012/12/3');
INSERT INTO `vote`.`m_constituency` (`constituency_id`, `name`, `block_id`, `regist_date`) VALUES (37, '福島県第5区', 2, '2012/12/3');
INSERT INTO `vote`.`m_constituency` (`constituency_id`, `name`, `block_id`, `regist_date`) VALUES (38, '茨城県第1区', 3, '2012/12/3');
INSERT INTO `vote`.`m_constituency` (`constituency_id`, `name`, `block_id`, `regist_date`) VALUES (39, '茨城県第2区', 3, '2012/12/3');
INSERT INTO `vote`.`m_constituency` (`constituency_id`, `name`, `block_id`, `regist_date`) VALUES (40, '茨城県第3区', 3, '2012/12/3');
INSERT INTO `vote`.`m_constituency` (`constituency_id`, `name`, `block_id`, `regist_date`) VALUES (41, '茨城県第4区', 3, '2012/12/3');
INSERT INTO `vote`.`m_constituency` (`constituency_id`, `name`, `block_id`, `regist_date`) VALUES (42, '茨城県第5区', 3, '2012/12/3');
INSERT INTO `vote`.`m_constituency` (`constituency_id`, `name`, `block_id`, `regist_date`) VALUES (43, '茨城県第6区', 3, '2012/12/3');
INSERT INTO `vote`.`m_constituency` (`constituency_id`, `name`, `block_id`, `regist_date`) VALUES (44, '茨城県第7区', 3, '2012/12/3');
INSERT INTO `vote`.`m_constituency` (`constituency_id`, `name`, `block_id`, `regist_date`) VALUES (45, '栃木県第1区', 3, '2012/12/3');
INSERT INTO `vote`.`m_constituency` (`constituency_id`, `name`, `block_id`, `regist_date`) VALUES (46, '栃木県第2区', 3, '2012/12/3');
INSERT INTO `vote`.`m_constituency` (`constituency_id`, `name`, `block_id`, `regist_date`) VALUES (47, '栃木県第3区', 3, '2012/12/3');
INSERT INTO `vote`.`m_constituency` (`constituency_id`, `name`, `block_id`, `regist_date`) VALUES (48, '栃木県第4区', 3, '2012/12/3');
INSERT INTO `vote`.`m_constituency` (`constituency_id`, `name`, `block_id`, `regist_date`) VALUES (49, '栃木県第5区', 3, '2012/12/3');
INSERT INTO `vote`.`m_constituency` (`constituency_id`, `name`, `block_id`, `regist_date`) VALUES (50, '群馬県第1区', 3, '2012/12/3');
INSERT INTO `vote`.`m_constituency` (`constituency_id`, `name`, `block_id`, `regist_date`) VALUES (51, '群馬県第2区', 3, '2012/12/3');
INSERT INTO `vote`.`m_constituency` (`constituency_id`, `name`, `block_id`, `regist_date`) VALUES (52, '群馬県第3区', 3, '2012/12/3');
INSERT INTO `vote`.`m_constituency` (`constituency_id`, `name`, `block_id`, `regist_date`) VALUES (53, '群馬県第4区', 3, '2012/12/3');
INSERT INTO `vote`.`m_constituency` (`constituency_id`, `name`, `block_id`, `regist_date`) VALUES (54, '群馬県第5区', 3, '2012/12/3');
INSERT INTO `vote`.`m_constituency` (`constituency_id`, `name`, `block_id`, `regist_date`) VALUES (55, '埼玉県第1区', 3, '2012/12/3');
INSERT INTO `vote`.`m_constituency` (`constituency_id`, `name`, `block_id`, `regist_date`) VALUES (56, '埼玉県第2区', 3, '2012/12/3');
INSERT INTO `vote`.`m_constituency` (`constituency_id`, `name`, `block_id`, `regist_date`) VALUES (57, '埼玉県第3区', 3, '2012/12/3');
INSERT INTO `vote`.`m_constituency` (`constituency_id`, `name`, `block_id`, `regist_date`) VALUES (58, '埼玉県第4区', 3, '2012/12/3');
INSERT INTO `vote`.`m_constituency` (`constituency_id`, `name`, `block_id`, `regist_date`) VALUES (59, '埼玉県第5区', 3, '2012/12/3');
INSERT INTO `vote`.`m_constituency` (`constituency_id`, `name`, `block_id`, `regist_date`) VALUES (60, '埼玉県第6区', 3, '2012/12/3');
INSERT INTO `vote`.`m_constituency` (`constituency_id`, `name`, `block_id`, `regist_date`) VALUES (61, '埼玉県第7区', 3, '2012/12/3');
INSERT INTO `vote`.`m_constituency` (`constituency_id`, `name`, `block_id`, `regist_date`) VALUES (62, '埼玉県第8区', 3, '2012/12/3');
INSERT INTO `vote`.`m_constituency` (`constituency_id`, `name`, `block_id`, `regist_date`) VALUES (63, '埼玉県第9区', 3, '2012/12/3');
INSERT INTO `vote`.`m_constituency` (`constituency_id`, `name`, `block_id`, `regist_date`) VALUES (64, '埼玉県第10区', 3, '2012/12/3');
INSERT INTO `vote`.`m_constituency` (`constituency_id`, `name`, `block_id`, `regist_date`) VALUES (65, '埼玉県第11区', 3, '2012/12/3');
INSERT INTO `vote`.`m_constituency` (`constituency_id`, `name`, `block_id`, `regist_date`) VALUES (66, '埼玉県第12区', 3, '2012/12/3');
INSERT INTO `vote`.`m_constituency` (`constituency_id`, `name`, `block_id`, `regist_date`) VALUES (67, '埼玉県第13区', 3, '2012/12/3');
INSERT INTO `vote`.`m_constituency` (`constituency_id`, `name`, `block_id`, `regist_date`) VALUES (68, '埼玉県第14区', 3, '2012/12/3');
INSERT INTO `vote`.`m_constituency` (`constituency_id`, `name`, `block_id`, `regist_date`) VALUES (69, '埼玉県第15区', 3, '2012/12/3');
INSERT INTO `vote`.`m_constituency` (`constituency_id`, `name`, `block_id`, `regist_date`) VALUES (70, '千葉県第1区', 4, '2012/12/3');
INSERT INTO `vote`.`m_constituency` (`constituency_id`, `name`, `block_id`, `regist_date`) VALUES (71, '千葉県第2区', 4, '2012/12/3');
INSERT INTO `vote`.`m_constituency` (`constituency_id`, `name`, `block_id`, `regist_date`) VALUES (72, '千葉県第3区', 4, '2012/12/3');
INSERT INTO `vote`.`m_constituency` (`constituency_id`, `name`, `block_id`, `regist_date`) VALUES (73, '千葉県第4区', 4, '2012/12/3');
INSERT INTO `vote`.`m_constituency` (`constituency_id`, `name`, `block_id`, `regist_date`) VALUES (74, '千葉県第5区', 4, '2012/12/3');
INSERT INTO `vote`.`m_constituency` (`constituency_id`, `name`, `block_id`, `regist_date`) VALUES (75, '千葉県第6区', 4, '2012/12/3');
INSERT INTO `vote`.`m_constituency` (`constituency_id`, `name`, `block_id`, `regist_date`) VALUES (76, '千葉県第7区', 4, '2012/12/3');
INSERT INTO `vote`.`m_constituency` (`constituency_id`, `name`, `block_id`, `regist_date`) VALUES (77, '千葉県第8区', 4, '2012/12/3');
INSERT INTO `vote`.`m_constituency` (`constituency_id`, `name`, `block_id`, `regist_date`) VALUES (78, '千葉県第9区', 4, '2012/12/3');
INSERT INTO `vote`.`m_constituency` (`constituency_id`, `name`, `block_id`, `regist_date`) VALUES (79, '千葉県第10区', 4, '2012/12/3');
INSERT INTO `vote`.`m_constituency` (`constituency_id`, `name`, `block_id`, `regist_date`) VALUES (80, '千葉県第11区', 4, '2012/12/3');
INSERT INTO `vote`.`m_constituency` (`constituency_id`, `name`, `block_id`, `regist_date`) VALUES (81, '千葉県第12区', 4, '2012/12/3');
INSERT INTO `vote`.`m_constituency` (`constituency_id`, `name`, `block_id`, `regist_date`) VALUES (82, '千葉県第13区', 4, '2012/12/3');
INSERT INTO `vote`.`m_constituency` (`constituency_id`, `name`, `block_id`, `regist_date`) VALUES (83, '神奈川県第1区', 4, '2012/12/3');
INSERT INTO `vote`.`m_constituency` (`constituency_id`, `name`, `block_id`, `regist_date`) VALUES (84, '神奈川県第2区', 4, '2012/12/3');
INSERT INTO `vote`.`m_constituency` (`constituency_id`, `name`, `block_id`, `regist_date`) VALUES (85, '神奈川県第3区', 4, '2012/12/3');
INSERT INTO `vote`.`m_constituency` (`constituency_id`, `name`, `block_id`, `regist_date`) VALUES (86, '神奈川県第4区', 4, '2012/12/3');
INSERT INTO `vote`.`m_constituency` (`constituency_id`, `name`, `block_id`, `regist_date`) VALUES (87, '神奈川県第5区', 4, '2012/12/3');
INSERT INTO `vote`.`m_constituency` (`constituency_id`, `name`, `block_id`, `regist_date`) VALUES (88, '神奈川県第6区', 4, '2012/12/3');
INSERT INTO `vote`.`m_constituency` (`constituency_id`, `name`, `block_id`, `regist_date`) VALUES (89, '神奈川県第7区', 4, '2012/12/3');
INSERT INTO `vote`.`m_constituency` (`constituency_id`, `name`, `block_id`, `regist_date`) VALUES (90, '神奈川県第8区', 4, '2012/12/3');
INSERT INTO `vote`.`m_constituency` (`constituency_id`, `name`, `block_id`, `regist_date`) VALUES (91, '神奈川県第9区', 4, '2012/12/3');
INSERT INTO `vote`.`m_constituency` (`constituency_id`, `name`, `block_id`, `regist_date`) VALUES (92, '神奈川県第10区', 4, '2012/12/3');
INSERT INTO `vote`.`m_constituency` (`constituency_id`, `name`, `block_id`, `regist_date`) VALUES (93, '神奈川県第11区', 4, '2012/12/3');
INSERT INTO `vote`.`m_constituency` (`constituency_id`, `name`, `block_id`, `regist_date`) VALUES (94, '神奈川県第12区', 4, '2012/12/3');
INSERT INTO `vote`.`m_constituency` (`constituency_id`, `name`, `block_id`, `regist_date`) VALUES (95, '神奈川県第13区', 4, '2012/12/3');
INSERT INTO `vote`.`m_constituency` (`constituency_id`, `name`, `block_id`, `regist_date`) VALUES (96, '神奈川県第14区', 4, '2012/12/3');
INSERT INTO `vote`.`m_constituency` (`constituency_id`, `name`, `block_id`, `regist_date`) VALUES (97, '神奈川県第15区', 4, '2012/12/3');
INSERT INTO `vote`.`m_constituency` (`constituency_id`, `name`, `block_id`, `regist_date`) VALUES (98, '神奈川県第16区', 4, '2012/12/3');
INSERT INTO `vote`.`m_constituency` (`constituency_id`, `name`, `block_id`, `regist_date`) VALUES (99, '神奈川県第17区', 4, '2012/12/3');
INSERT INTO `vote`.`m_constituency` (`constituency_id`, `name`, `block_id`, `regist_date`) VALUES (100, '神奈川県第18区', 4, '2012/12/3');
INSERT INTO `vote`.`m_constituency` (`constituency_id`, `name`, `block_id`, `regist_date`) VALUES (101,'山梨県第1区',4, '2012/12/3');
INSERT INTO `vote`.`m_constituency` (`constituency_id`, `name`, `block_id`, `regist_date`) VALUES (102,'山梨県第2区',4, '2012/12/3');
INSERT INTO `vote`.`m_constituency` (`constituency_id`, `name`, `block_id`, `regist_date`) VALUES (103,'山梨県第3区',4, '2012/12/3');
INSERT INTO `vote`.`m_constituency` (`constituency_id`, `name`, `block_id`, `regist_date`) VALUES (104,'東京都第1区',5, '2012/12/3');
INSERT INTO `vote`.`m_constituency` (`constituency_id`, `name`, `block_id`, `regist_date`) VALUES (105,'東京都第2区',5, '2012/12/3');
INSERT INTO `vote`.`m_constituency` (`constituency_id`, `name`, `block_id`, `regist_date`) VALUES (106,'東京都第3区',5, '2012/12/3');
INSERT INTO `vote`.`m_constituency` (`constituency_id`, `name`, `block_id`, `regist_date`) VALUES (107,'東京都第4区',5, '2012/12/3');
INSERT INTO `vote`.`m_constituency` (`constituency_id`, `name`, `block_id`, `regist_date`) VALUES (108,'東京都第5区',5, '2012/12/3');
INSERT INTO `vote`.`m_constituency` (`constituency_id`, `name`, `block_id`, `regist_date`) VALUES (109,'東京都第6区',5, '2012/12/3');
INSERT INTO `vote`.`m_constituency` (`constituency_id`, `name`, `block_id`, `regist_date`) VALUES (110,'東京都第7区',5, '2012/12/3');
INSERT INTO `vote`.`m_constituency` (`constituency_id`, `name`, `block_id`, `regist_date`) VALUES (111,'東京都第8区',5, '2012/12/3');
INSERT INTO `vote`.`m_constituency` (`constituency_id`, `name`, `block_id`, `regist_date`) VALUES (112,'東京都第9区',5, '2012/12/3');
INSERT INTO `vote`.`m_constituency` (`constituency_id`, `name`, `block_id`, `regist_date`) VALUES (113,'東京都第10区',5, '2012/12/3');
INSERT INTO `vote`.`m_constituency` (`constituency_id`, `name`, `block_id`, `regist_date`) VALUES (114,'東京都第11区',5, '2012/12/3');
INSERT INTO `vote`.`m_constituency` (`constituency_id`, `name`, `block_id`, `regist_date`) VALUES (115,'東京都第12区',5, '2012/12/3');
INSERT INTO `vote`.`m_constituency` (`constituency_id`, `name`, `block_id`, `regist_date`) VALUES (116,'東京都第13区',5, '2012/12/3');
INSERT INTO `vote`.`m_constituency` (`constituency_id`, `name`, `block_id`, `regist_date`) VALUES (117,'東京都第14区',5, '2012/12/3');
INSERT INTO `vote`.`m_constituency` (`constituency_id`, `name`, `block_id`, `regist_date`) VALUES (118,'東京都第15区',5, '2012/12/3');
INSERT INTO `vote`.`m_constituency` (`constituency_id`, `name`, `block_id`, `regist_date`) VALUES (119,'東京都第16区',5, '2012/12/3');
INSERT INTO `vote`.`m_constituency` (`constituency_id`, `name`, `block_id`, `regist_date`) VALUES (120,'東京都第17区',5, '2012/12/3');
INSERT INTO `vote`.`m_constituency` (`constituency_id`, `name`, `block_id`, `regist_date`) VALUES (121,'東京都第18区',5, '2012/12/3');
INSERT INTO `vote`.`m_constituency` (`constituency_id`, `name`, `block_id`, `regist_date`) VALUES (122,'東京都第19区',5, '2012/12/3');
INSERT INTO `vote`.`m_constituency` (`constituency_id`, `name`, `block_id`, `regist_date`) VALUES (123,'東京都第20区',5, '2012/12/3');
INSERT INTO `vote`.`m_constituency` (`constituency_id`, `name`, `block_id`, `regist_date`) VALUES (124,'東京都第21区',5, '2012/12/3');
INSERT INTO `vote`.`m_constituency` (`constituency_id`, `name`, `block_id`, `regist_date`) VALUES (125,'東京都第22区',5, '2012/12/3');
INSERT INTO `vote`.`m_constituency` (`constituency_id`, `name`, `block_id`, `regist_date`) VALUES (126,'東京都第23区',5, '2012/12/3');
INSERT INTO `vote`.`m_constituency` (`constituency_id`, `name`, `block_id`, `regist_date`) VALUES (127,'東京都第24区',5, '2012/12/3');
INSERT INTO `vote`.`m_constituency` (`constituency_id`, `name`, `block_id`, `regist_date`) VALUES (128,'東京都第25区',5, '2012/12/3');
INSERT INTO `vote`.`m_constituency` (`constituency_id`, `name`, `block_id`, `regist_date`) VALUES (129,'新潟県第1区',6, '2012/12/3');
INSERT INTO `vote`.`m_constituency` (`constituency_id`, `name`, `block_id`, `regist_date`) VALUES (130,'新潟県第2区',6, '2012/12/3');
INSERT INTO `vote`.`m_constituency` (`constituency_id`, `name`, `block_id`, `regist_date`) VALUES (131,'新潟県第3区',6, '2012/12/3');
INSERT INTO `vote`.`m_constituency` (`constituency_id`, `name`, `block_id`, `regist_date`) VALUES (132,'新潟県第4区',6, '2012/12/3');
INSERT INTO `vote`.`m_constituency` (`constituency_id`, `name`, `block_id`, `regist_date`) VALUES (133,'新潟県第5区',6, '2012/12/3');
INSERT INTO `vote`.`m_constituency` (`constituency_id`, `name`, `block_id`, `regist_date`) VALUES (134,'新潟県第6区',6, '2012/12/3');
INSERT INTO `vote`.`m_constituency` (`constituency_id`, `name`, `block_id`, `regist_date`) VALUES (135,'富山県第1区',6, '2012/12/3');
INSERT INTO `vote`.`m_constituency` (`constituency_id`, `name`, `block_id`, `regist_date`) VALUES (136,'富山県第2区',6, '2012/12/3');
INSERT INTO `vote`.`m_constituency` (`constituency_id`, `name`, `block_id`, `regist_date`) VALUES (137,'富山県第3区',6, '2012/12/3');
INSERT INTO `vote`.`m_constituency` (`constituency_id`, `name`, `block_id`, `regist_date`) VALUES (138,'石川県第1区',6, '2012/12/3');
INSERT INTO `vote`.`m_constituency` (`constituency_id`, `name`, `block_id`, `regist_date`) VALUES (139,'石川県第2区',6, '2012/12/3');
INSERT INTO `vote`.`m_constituency` (`constituency_id`, `name`, `block_id`, `regist_date`) VALUES (140,'石川県第3区',6, '2012/12/3');
INSERT INTO `vote`.`m_constituency` (`constituency_id`, `name`, `block_id`, `regist_date`) VALUES (141,'福井県第1区',6, '2012/12/3');
INSERT INTO `vote`.`m_constituency` (`constituency_id`, `name`, `block_id`, `regist_date`) VALUES (142,'福井県第2区',6, '2012/12/3');
INSERT INTO `vote`.`m_constituency` (`constituency_id`, `name`, `block_id`, `regist_date`) VALUES (143,'福井県第3区',6, '2012/12/3');
INSERT INTO `vote`.`m_constituency` (`constituency_id`, `name`, `block_id`, `regist_date`) VALUES (144,'長野県第1区',6, '2012/12/3');
INSERT INTO `vote`.`m_constituency` (`constituency_id`, `name`, `block_id`, `regist_date`) VALUES (145,'長野県第2区',6, '2012/12/3');
INSERT INTO `vote`.`m_constituency` (`constituency_id`, `name`, `block_id`, `regist_date`) VALUES (146,'長野県第3区',6, '2012/12/3');
INSERT INTO `vote`.`m_constituency` (`constituency_id`, `name`, `block_id`, `regist_date`) VALUES (147,'長野県第4区',6, '2012/12/3');
INSERT INTO `vote`.`m_constituency` (`constituency_id`, `name`, `block_id`, `regist_date`) VALUES (148,'長野県第5区',6, '2012/12/3');
INSERT INTO `vote`.`m_constituency` (`constituency_id`, `name`, `block_id`, `regist_date`) VALUES (149,'岐阜県第1区',7, '2012/12/3');
INSERT INTO `vote`.`m_constituency` (`constituency_id`, `name`, `block_id`, `regist_date`) VALUES (150,'岐阜県第2区',7, '2012/12/3');
INSERT INTO `vote`.`m_constituency` (`constituency_id`, `name`, `block_id`, `regist_date`) VALUES (151,'岐阜県第3区',7, '2012/12/3');
INSERT INTO `vote`.`m_constituency` (`constituency_id`, `name`, `block_id`, `regist_date`) VALUES (152,'岐阜県第4区',7, '2012/12/3');
INSERT INTO `vote`.`m_constituency` (`constituency_id`, `name`, `block_id`, `regist_date`) VALUES (153,'岐阜県第5区',7, '2012/12/3');
INSERT INTO `vote`.`m_constituency` (`constituency_id`, `name`, `block_id`, `regist_date`) VALUES (154,'静岡県第1区',7, '2012/12/3');
INSERT INTO `vote`.`m_constituency` (`constituency_id`, `name`, `block_id`, `regist_date`) VALUES (155,'静岡県第2区',7, '2012/12/3');
INSERT INTO `vote`.`m_constituency` (`constituency_id`, `name`, `block_id`, `regist_date`) VALUES (156,'静岡県第3区',7, '2012/12/3');
INSERT INTO `vote`.`m_constituency` (`constituency_id`, `name`, `block_id`, `regist_date`) VALUES (157,'静岡県第4区',7, '2012/12/3');
INSERT INTO `vote`.`m_constituency` (`constituency_id`, `name`, `block_id`, `regist_date`) VALUES (158,'静岡県第5区',7, '2012/12/3');
INSERT INTO `vote`.`m_constituency` (`constituency_id`, `name`, `block_id`, `regist_date`) VALUES (159,'静岡県第6区',7, '2012/12/3');
INSERT INTO `vote`.`m_constituency` (`constituency_id`, `name`, `block_id`, `regist_date`) VALUES (160,'静岡県第7区',7, '2012/12/3');
INSERT INTO `vote`.`m_constituency` (`constituency_id`, `name`, `block_id`, `regist_date`) VALUES (161,'静岡県第8区',7, '2012/12/3');
INSERT INTO `vote`.`m_constituency` (`constituency_id`, `name`, `block_id`, `regist_date`) VALUES (162,'愛知県第1区',7, '2012/12/3');
INSERT INTO `vote`.`m_constituency` (`constituency_id`, `name`, `block_id`, `regist_date`) VALUES (163,'愛知県第2区',7, '2012/12/3');
INSERT INTO `vote`.`m_constituency` (`constituency_id`, `name`, `block_id`, `regist_date`) VALUES (164,'愛知県第3区',7, '2012/12/3');
INSERT INTO `vote`.`m_constituency` (`constituency_id`, `name`, `block_id`, `regist_date`) VALUES (165,'愛知県第4区',7, '2012/12/3');
INSERT INTO `vote`.`m_constituency` (`constituency_id`, `name`, `block_id`, `regist_date`) VALUES (166,'愛知県第5区',7, '2012/12/3');
INSERT INTO `vote`.`m_constituency` (`constituency_id`, `name`, `block_id`, `regist_date`) VALUES (167,'愛知県第6区',7, '2012/12/3');
INSERT INTO `vote`.`m_constituency` (`constituency_id`, `name`, `block_id`, `regist_date`) VALUES (168,'愛知県第7区',7, '2012/12/3');
INSERT INTO `vote`.`m_constituency` (`constituency_id`, `name`, `block_id`, `regist_date`) VALUES (169,'愛知県第8区',7, '2012/12/3');
INSERT INTO `vote`.`m_constituency` (`constituency_id`, `name`, `block_id`, `regist_date`) VALUES (170,'愛知県第9区',7, '2012/12/3');
INSERT INTO `vote`.`m_constituency` (`constituency_id`, `name`, `block_id`, `regist_date`) VALUES (171,'愛知県第10区',7, '2012/12/3');
INSERT INTO `vote`.`m_constituency` (`constituency_id`, `name`, `block_id`, `regist_date`) VALUES (172,'愛知県第11区',7, '2012/12/3');
INSERT INTO `vote`.`m_constituency` (`constituency_id`, `name`, `block_id`, `regist_date`) VALUES (173,'愛知県第12区',7, '2012/12/3');
INSERT INTO `vote`.`m_constituency` (`constituency_id`, `name`, `block_id`, `regist_date`) VALUES (174,'愛知県第13区',7, '2012/12/3');
INSERT INTO `vote`.`m_constituency` (`constituency_id`, `name`, `block_id`, `regist_date`) VALUES (175,'愛知県第14区',7, '2012/12/3');
INSERT INTO `vote`.`m_constituency` (`constituency_id`, `name`, `block_id`, `regist_date`) VALUES (176,'愛知県第15区',7, '2012/12/3');
INSERT INTO `vote`.`m_constituency` (`constituency_id`, `name`, `block_id`, `regist_date`) VALUES (177,'三重県第1区',7, '2012/12/3');
INSERT INTO `vote`.`m_constituency` (`constituency_id`, `name`, `block_id`, `regist_date`) VALUES (178,'三重県第2区',7, '2012/12/3');
INSERT INTO `vote`.`m_constituency` (`constituency_id`, `name`, `block_id`, `regist_date`) VALUES (179,'三重県第3区',7, '2012/12/3');
INSERT INTO `vote`.`m_constituency` (`constituency_id`, `name`, `block_id`, `regist_date`) VALUES (180,'三重県第4区',7, '2012/12/3');
INSERT INTO `vote`.`m_constituency` (`constituency_id`, `name`, `block_id`, `regist_date`) VALUES (181,'三重県第5区',7, '2012/12/3');
INSERT INTO `vote`.`m_constituency` (`constituency_id`, `name`, `block_id`, `regist_date`) VALUES (182,'滋賀県第1区',8, '2012/12/3');
INSERT INTO `vote`.`m_constituency` (`constituency_id`, `name`, `block_id`, `regist_date`) VALUES (183,'滋賀県第2区',8, '2012/12/3');
INSERT INTO `vote`.`m_constituency` (`constituency_id`, `name`, `block_id`, `regist_date`) VALUES (184,'滋賀県第3区',8, '2012/12/3');
INSERT INTO `vote`.`m_constituency` (`constituency_id`, `name`, `block_id`, `regist_date`) VALUES (185,'滋賀県第4区',8, '2012/12/3');
INSERT INTO `vote`.`m_constituency` (`constituency_id`, `name`, `block_id`, `regist_date`) VALUES (186,'京都府第1区',8, '2012/12/3');
INSERT INTO `vote`.`m_constituency` (`constituency_id`, `name`, `block_id`, `regist_date`) VALUES (187,'京都府第2区',8, '2012/12/3');
INSERT INTO `vote`.`m_constituency` (`constituency_id`, `name`, `block_id`, `regist_date`) VALUES (188,'京都府第3区',8, '2012/12/3');
INSERT INTO `vote`.`m_constituency` (`constituency_id`, `name`, `block_id`, `regist_date`) VALUES (189,'京都府第4区',8, '2012/12/3');
INSERT INTO `vote`.`m_constituency` (`constituency_id`, `name`, `block_id`, `regist_date`) VALUES (190,'京都府第5区',8, '2012/12/3');
INSERT INTO `vote`.`m_constituency` (`constituency_id`, `name`, `block_id`, `regist_date`) VALUES (191,'京都府第6区',8, '2012/12/3');
INSERT INTO `vote`.`m_constituency` (`constituency_id`, `name`, `block_id`, `regist_date`) VALUES (192,'大阪府第1区',8, '2012/12/3');
INSERT INTO `vote`.`m_constituency` (`constituency_id`, `name`, `block_id`, `regist_date`) VALUES (193,'大阪府第2区',8, '2012/12/3');
INSERT INTO `vote`.`m_constituency` (`constituency_id`, `name`, `block_id`, `regist_date`) VALUES (194,'大阪府第3区',8, '2012/12/3');
INSERT INTO `vote`.`m_constituency` (`constituency_id`, `name`, `block_id`, `regist_date`) VALUES (195,'大阪府第4区',8, '2012/12/3');
INSERT INTO `vote`.`m_constituency` (`constituency_id`, `name`, `block_id`, `regist_date`) VALUES (196,'大阪府第5区',8, '2012/12/3');
INSERT INTO `vote`.`m_constituency` (`constituency_id`, `name`, `block_id`, `regist_date`) VALUES (197,'大阪府第6区',8, '2012/12/3');
INSERT INTO `vote`.`m_constituency` (`constituency_id`, `name`, `block_id`, `regist_date`) VALUES (198,'大阪府第7区',8, '2012/12/3');
INSERT INTO `vote`.`m_constituency` (`constituency_id`, `name`, `block_id`, `regist_date`) VALUES (199,'大阪府第8区',8, '2012/12/3');
INSERT INTO `vote`.`m_constituency` (`constituency_id`, `name`, `block_id`, `regist_date`) VALUES (200,'大阪府第9区',8, '2012/12/3');
INSERT INTO `vote`.`m_constituency` (`constituency_id`, `name`, `block_id`, `regist_date`) VALUES (201,'大阪府第10区',8, '2012/12/3');
INSERT INTO `vote`.`m_constituency` (`constituency_id`, `name`, `block_id`, `regist_date`) VALUES (202,'大阪府第11区',8, '2012/12/3');
INSERT INTO `vote`.`m_constituency` (`constituency_id`, `name`, `block_id`, `regist_date`) VALUES (203,'大阪府第12区',8, '2012/12/3');
INSERT INTO `vote`.`m_constituency` (`constituency_id`, `name`, `block_id`, `regist_date`) VALUES (204,'大阪府第13区',8, '2012/12/3');
INSERT INTO `vote`.`m_constituency` (`constituency_id`, `name`, `block_id`, `regist_date`) VALUES (205,'大阪府第14区',8, '2012/12/3');
INSERT INTO `vote`.`m_constituency` (`constituency_id`, `name`, `block_id`, `regist_date`) VALUES (206,'大阪府第15区',8, '2012/12/3');
INSERT INTO `vote`.`m_constituency` (`constituency_id`, `name`, `block_id`, `regist_date`) VALUES (207,'大阪府第16区',8, '2012/12/3');
INSERT INTO `vote`.`m_constituency` (`constituency_id`, `name`, `block_id`, `regist_date`) VALUES (208,'大阪府第17区',8, '2012/12/3');
INSERT INTO `vote`.`m_constituency` (`constituency_id`, `name`, `block_id`, `regist_date`) VALUES (209,'大阪府第18区',8, '2012/12/3');
INSERT INTO `vote`.`m_constituency` (`constituency_id`, `name`, `block_id`, `regist_date`) VALUES (210,'大阪府第19区',8, '2012/12/3');
INSERT INTO `vote`.`m_constituency` (`constituency_id`, `name`, `block_id`, `regist_date`) VALUES (211,'兵庫県第1区',8, '2012/12/3');
INSERT INTO `vote`.`m_constituency` (`constituency_id`, `name`, `block_id`, `regist_date`) VALUES (212,'兵庫県第2区',8, '2012/12/3');
INSERT INTO `vote`.`m_constituency` (`constituency_id`, `name`, `block_id`, `regist_date`) VALUES (213,'兵庫県第3区',8, '2012/12/3');
INSERT INTO `vote`.`m_constituency` (`constituency_id`, `name`, `block_id`, `regist_date`) VALUES (214,'兵庫県第4区',8, '2012/12/3');
INSERT INTO `vote`.`m_constituency` (`constituency_id`, `name`, `block_id`, `regist_date`) VALUES (215,'兵庫県第5区',8, '2012/12/3');
INSERT INTO `vote`.`m_constituency` (`constituency_id`, `name`, `block_id`, `regist_date`) VALUES (216,'兵庫県第6区',8, '2012/12/3');
INSERT INTO `vote`.`m_constituency` (`constituency_id`, `name`, `block_id`, `regist_date`) VALUES (217,'兵庫県第7区',8, '2012/12/3');
INSERT INTO `vote`.`m_constituency` (`constituency_id`, `name`, `block_id`, `regist_date`) VALUES (218,'兵庫県第8区',8, '2012/12/3');
INSERT INTO `vote`.`m_constituency` (`constituency_id`, `name`, `block_id`, `regist_date`) VALUES (219,'兵庫県第9区',8, '2012/12/3');
INSERT INTO `vote`.`m_constituency` (`constituency_id`, `name`, `block_id`, `regist_date`) VALUES (220,'兵庫県第10区',8, '2012/12/3');
INSERT INTO `vote`.`m_constituency` (`constituency_id`, `name`, `block_id`, `regist_date`) VALUES (221,'兵庫県第11区',8, '2012/12/3');
INSERT INTO `vote`.`m_constituency` (`constituency_id`, `name`, `block_id`, `regist_date`) VALUES (222,'兵庫県第12区',8, '2012/12/3');
INSERT INTO `vote`.`m_constituency` (`constituency_id`, `name`, `block_id`, `regist_date`) VALUES (223,'奈良県第1区',8, '2012/12/3');
INSERT INTO `vote`.`m_constituency` (`constituency_id`, `name`, `block_id`, `regist_date`) VALUES (224,'奈良県第2区',8, '2012/12/3');
INSERT INTO `vote`.`m_constituency` (`constituency_id`, `name`, `block_id`, `regist_date`) VALUES (225,'奈良県第3区',8, '2012/12/3');
INSERT INTO `vote`.`m_constituency` (`constituency_id`, `name`, `block_id`, `regist_date`) VALUES (226,'奈良県第4区',8, '2012/12/3');
INSERT INTO `vote`.`m_constituency` (`constituency_id`, `name`, `block_id`, `regist_date`) VALUES (227,'和歌山県第1区',8, '2012/12/3');
INSERT INTO `vote`.`m_constituency` (`constituency_id`, `name`, `block_id`, `regist_date`) VALUES (228,'和歌山県第2区',8, '2012/12/3');
INSERT INTO `vote`.`m_constituency` (`constituency_id`, `name`, `block_id`, `regist_date`) VALUES (229,'和歌山県第3区',8, '2012/12/3');
INSERT INTO `vote`.`m_constituency` (`constituency_id`, `name`, `block_id`, `regist_date`) VALUES (230,'鳥取県第1区',9, '2012/12/3');
INSERT INTO `vote`.`m_constituency` (`constituency_id`, `name`, `block_id`, `regist_date`) VALUES (231,'鳥取県第2区',9, '2012/12/3');
INSERT INTO `vote`.`m_constituency` (`constituency_id`, `name`, `block_id`, `regist_date`) VALUES (232,'島根県第1区',9, '2012/12/3');
INSERT INTO `vote`.`m_constituency` (`constituency_id`, `name`, `block_id`, `regist_date`) VALUES (233,'島根県第2区',9, '2012/12/3');
INSERT INTO `vote`.`m_constituency` (`constituency_id`, `name`, `block_id`, `regist_date`) VALUES (234,'岡山県第1区',9, '2012/12/3');
INSERT INTO `vote`.`m_constituency` (`constituency_id`, `name`, `block_id`, `regist_date`) VALUES (235,'岡山県第2区',9, '2012/12/3');
INSERT INTO `vote`.`m_constituency` (`constituency_id`, `name`, `block_id`, `regist_date`) VALUES (236,'岡山県第3区',9, '2012/12/3');
INSERT INTO `vote`.`m_constituency` (`constituency_id`, `name`, `block_id`, `regist_date`) VALUES (237,'岡山県第4区',9, '2012/12/3');
INSERT INTO `vote`.`m_constituency` (`constituency_id`, `name`, `block_id`, `regist_date`) VALUES (238,'岡山県第5区',9, '2012/12/3');
INSERT INTO `vote`.`m_constituency` (`constituency_id`, `name`, `block_id`, `regist_date`) VALUES (239,'広島県第1区',9, '2012/12/3');
INSERT INTO `vote`.`m_constituency` (`constituency_id`, `name`, `block_id`, `regist_date`) VALUES (240,'広島県第2区',9, '2012/12/3');
INSERT INTO `vote`.`m_constituency` (`constituency_id`, `name`, `block_id`, `regist_date`) VALUES (241,'広島県第3区',9, '2012/12/3');
INSERT INTO `vote`.`m_constituency` (`constituency_id`, `name`, `block_id`, `regist_date`) VALUES (242,'広島県第4区',9, '2012/12/3');
INSERT INTO `vote`.`m_constituency` (`constituency_id`, `name`, `block_id`, `regist_date`) VALUES (243,'広島県第5区',9, '2012/12/3');
INSERT INTO `vote`.`m_constituency` (`constituency_id`, `name`, `block_id`, `regist_date`) VALUES (244,'広島県第6区',9, '2012/12/3');
INSERT INTO `vote`.`m_constituency` (`constituency_id`, `name`, `block_id`, `regist_date`) VALUES (245,'広島県第7区',9, '2012/12/3');
INSERT INTO `vote`.`m_constituency` (`constituency_id`, `name`, `block_id`, `regist_date`) VALUES (246,'山口県第1区',9, '2012/12/3');
INSERT INTO `vote`.`m_constituency` (`constituency_id`, `name`, `block_id`, `regist_date`) VALUES (247,'山口県第2区',9, '2012/12/3');
INSERT INTO `vote`.`m_constituency` (`constituency_id`, `name`, `block_id`, `regist_date`) VALUES (248,'山口県第3区',9, '2012/12/3');
INSERT INTO `vote`.`m_constituency` (`constituency_id`, `name`, `block_id`, `regist_date`) VALUES (249,'山口県第4区',9, '2012/12/3');
INSERT INTO `vote`.`m_constituency` (`constituency_id`, `name`, `block_id`, `regist_date`) VALUES (250,'徳島県第1区',10, '2012/12/3');
INSERT INTO `vote`.`m_constituency` (`constituency_id`, `name`, `block_id`, `regist_date`) VALUES (251,'徳島県第2区',10, '2012/12/3');
INSERT INTO `vote`.`m_constituency` (`constituency_id`, `name`, `block_id`, `regist_date`) VALUES (252,'徳島県第3区',10, '2012/12/3');
INSERT INTO `vote`.`m_constituency` (`constituency_id`, `name`, `block_id`, `regist_date`) VALUES (253,'香川県第1区',10, '2012/12/3');
INSERT INTO `vote`.`m_constituency` (`constituency_id`, `name`, `block_id`, `regist_date`) VALUES (254,'香川県第2区',10, '2012/12/3');
INSERT INTO `vote`.`m_constituency` (`constituency_id`, `name`, `block_id`, `regist_date`) VALUES (255,'香川県第3区',10, '2012/12/3');
INSERT INTO `vote`.`m_constituency` (`constituency_id`, `name`, `block_id`, `regist_date`) VALUES (256,'愛媛県第1区',10, '2012/12/3');
INSERT INTO `vote`.`m_constituency` (`constituency_id`, `name`, `block_id`, `regist_date`) VALUES (257,'愛媛県第2区',10, '2012/12/3');
INSERT INTO `vote`.`m_constituency` (`constituency_id`, `name`, `block_id`, `regist_date`) VALUES (258,'愛媛県第3区',10, '2012/12/3');
INSERT INTO `vote`.`m_constituency` (`constituency_id`, `name`, `block_id`, `regist_date`) VALUES (259,'愛媛県第4区',10, '2012/12/3');
INSERT INTO `vote`.`m_constituency` (`constituency_id`, `name`, `block_id`, `regist_date`) VALUES (260,'高知県第1区',10, '2012/12/3');
INSERT INTO `vote`.`m_constituency` (`constituency_id`, `name`, `block_id`, `regist_date`) VALUES (261,'高知県第2区',10, '2012/12/3');
INSERT INTO `vote`.`m_constituency` (`constituency_id`, `name`, `block_id`, `regist_date`) VALUES (262,'高知県第3区',10, '2012/12/3');
INSERT INTO `vote`.`m_constituency` (`constituency_id`, `name`, `block_id`, `regist_date`) VALUES (263,'福岡県第1区',11, '2012/12/3');
INSERT INTO `vote`.`m_constituency` (`constituency_id`, `name`, `block_id`, `regist_date`) VALUES (264,'福岡県第2区',11, '2012/12/3');
INSERT INTO `vote`.`m_constituency` (`constituency_id`, `name`, `block_id`, `regist_date`) VALUES (265,'福岡県第3区',11, '2012/12/3');
INSERT INTO `vote`.`m_constituency` (`constituency_id`, `name`, `block_id`, `regist_date`) VALUES (266,'福岡県第4区',11, '2012/12/3');
INSERT INTO `vote`.`m_constituency` (`constituency_id`, `name`, `block_id`, `regist_date`) VALUES (267,'福岡県第5区',11, '2012/12/3');
INSERT INTO `vote`.`m_constituency` (`constituency_id`, `name`, `block_id`, `regist_date`) VALUES (268,'福岡県第6区',11, '2012/12/3');
INSERT INTO `vote`.`m_constituency` (`constituency_id`, `name`, `block_id`, `regist_date`) VALUES (269,'福岡県第7区',11, '2012/12/3');
INSERT INTO `vote`.`m_constituency` (`constituency_id`, `name`, `block_id`, `regist_date`) VALUES (270,'福岡県第8区',11, '2012/12/3');
INSERT INTO `vote`.`m_constituency` (`constituency_id`, `name`, `block_id`, `regist_date`) VALUES (271,'福岡県第9区',11, '2012/12/3');
INSERT INTO `vote`.`m_constituency` (`constituency_id`, `name`, `block_id`, `regist_date`) VALUES (272,'福岡県第10区',11, '2012/12/3');
INSERT INTO `vote`.`m_constituency` (`constituency_id`, `name`, `block_id`, `regist_date`) VALUES (273,'福岡県第11区',11, '2012/12/3');
INSERT INTO `vote`.`m_constituency` (`constituency_id`, `name`, `block_id`, `regist_date`) VALUES (274,'佐賀県第1区',11, '2012/12/3');
INSERT INTO `vote`.`m_constituency` (`constituency_id`, `name`, `block_id`, `regist_date`) VALUES (275,'佐賀県第2区',11, '2012/12/3');
INSERT INTO `vote`.`m_constituency` (`constituency_id`, `name`, `block_id`, `regist_date`) VALUES (276,'佐賀県第3区',11, '2012/12/3');
INSERT INTO `vote`.`m_constituency` (`constituency_id`, `name`, `block_id`, `regist_date`) VALUES (277,'長崎県第1区',11, '2012/12/3');
INSERT INTO `vote`.`m_constituency` (`constituency_id`, `name`, `block_id`, `regist_date`) VALUES (278,'長崎県第2区',11, '2012/12/3');
INSERT INTO `vote`.`m_constituency` (`constituency_id`, `name`, `block_id`, `regist_date`) VALUES (279,'長崎県第3区',11, '2012/12/3');
INSERT INTO `vote`.`m_constituency` (`constituency_id`, `name`, `block_id`, `regist_date`) VALUES (280,'長崎県第4区',11, '2012/12/3');
INSERT INTO `vote`.`m_constituency` (`constituency_id`, `name`, `block_id`, `regist_date`) VALUES (281,'熊本県第1区',11, '2012/12/3');
INSERT INTO `vote`.`m_constituency` (`constituency_id`, `name`, `block_id`, `regist_date`) VALUES (282,'熊本県第2区',11, '2012/12/3');
INSERT INTO `vote`.`m_constituency` (`constituency_id`, `name`, `block_id`, `regist_date`) VALUES (283,'熊本県第3区',11, '2012/12/3');
INSERT INTO `vote`.`m_constituency` (`constituency_id`, `name`, `block_id`, `regist_date`) VALUES (284,'熊本県第4区',11, '2012/12/3');
INSERT INTO `vote`.`m_constituency` (`constituency_id`, `name`, `block_id`, `regist_date`) VALUES (285,'熊本県第5区',11, '2012/12/3');
INSERT INTO `vote`.`m_constituency` (`constituency_id`, `name`, `block_id`, `regist_date`) VALUES (286,'大分県第1区',11, '2012/12/3');
INSERT INTO `vote`.`m_constituency` (`constituency_id`, `name`, `block_id`, `regist_date`) VALUES (287,'大分県第2区',11, '2012/12/3');
INSERT INTO `vote`.`m_constituency` (`constituency_id`, `name`, `block_id`, `regist_date`) VALUES (288,'大分県第3区',11, '2012/12/3');
INSERT INTO `vote`.`m_constituency` (`constituency_id`, `name`, `block_id`, `regist_date`) VALUES (289,'宮崎県第1区',11, '2012/12/3');
INSERT INTO `vote`.`m_constituency` (`constituency_id`, `name`, `block_id`, `regist_date`) VALUES (290,'宮崎県第2区',11, '2012/12/3');
INSERT INTO `vote`.`m_constituency` (`constituency_id`, `name`, `block_id`, `regist_date`) VALUES (291,'宮崎県第3区',11, '2012/12/3');
INSERT INTO `vote`.`m_constituency` (`constituency_id`, `name`, `block_id`, `regist_date`) VALUES (292,'鹿児島県第1区',11, '2012/12/3');
INSERT INTO `vote`.`m_constituency` (`constituency_id`, `name`, `block_id`, `regist_date`) VALUES (293,'鹿児島県第2区',11, '2012/12/3');
INSERT INTO `vote`.`m_constituency` (`constituency_id`, `name`, `block_id`, `regist_date`) VALUES (294,'鹿児島県第3区',11, '2012/12/3');
INSERT INTO `vote`.`m_constituency` (`constituency_id`, `name`, `block_id`, `regist_date`) VALUES (295,'鹿児島県第4区',11, '2012/12/3');
INSERT INTO `vote`.`m_constituency` (`constituency_id`, `name`, `block_id`, `regist_date`) VALUES (296,'鹿児島県第5区',11, '2012/12/3');
INSERT INTO `vote`.`m_constituency` (`constituency_id`, `name`, `block_id`, `regist_date`) VALUES (297,'沖縄県第1区',11, '2012/12/3');
INSERT INTO `vote`.`m_constituency` (`constituency_id`, `name`, `block_id`, `regist_date`) VALUES (298,'沖縄県第2区',11, '2012/12/3');
INSERT INTO `vote`.`m_constituency` (`constituency_id`, `name`, `block_id`, `regist_date`) VALUES (299,'沖縄県第3区',11, '2012/12/3');
INSERT INTO `vote`.`m_constituency` (`constituency_id`, `name`, `block_id`, `regist_date`) VALUES (300,'沖縄県第4区',11, '2012/12/3');
COMMIT;

-- -----------------------------------------------------
-- Data for table `vote`.`m_issue`
-- -----------------------------------------------------
START TRANSACTION;
USE `vote`;
INSERT INTO `vote`.`m_issue` (`issue_id`, `title`, `description`, `regist_user_id`, `regist_date`) VALUES (1, '原発', '原発についてどう思うか', 0, '2012/12/7');
INSERT INTO `vote`.`m_issue` (`issue_id`, `title`, `description`, `regist_user_id`, `regist_date`) VALUES (2, 'TPP', 'TPPの参加についてどう思うか', 0, '2012/12/7');

COMMIT;